createdon,OrderAmount
8-18-20 6:29,86
8-18-20 7:20,935
8-18-20 9:09,129
8-18-20 9:53,747
8-18-20 15:09,554
8-20-20 6:39,714
8-20-20 10:08,33
8-20-20 10:10,76
8-21-20 1:16,478
8-21-20 7:42,57
8-21-20 7:45,36
8-21-20 7:51,33
8-21-20 7:51,11
8-21-20 8:06,165
8-21-20 8:09,100
8-21-20 10:19,89
8-21-20 10:54,415
8-24-20 1:58,266
8-24-20 6:48,685
8-24-20 7:23,420
8-25-20 5:29,796
8-25-20 6:14,511
8-25-20 8:47,23
8-25-20 8:49,41
8-25-20 8:50,160
8-25-20 8:55,294
8-25-20 9:33,459
8-25-20 9:36,326
8-25-20 23:57,548
8-26-20 2:09,49
8-27-20 1:05,401
8-27-20 1:05,401
8-27-20 1:23,414
8-27-20 2:20,1264
8-27-20 7:37,1234
8-27-20 12:15,268
8-28-20 0:54,1162
8-28-20 0:57,254
8-28-20 7:05,1074
8-28-20 22:57,295
8-29-20 7:33,743
8-30-20 8:45,655
8-30-20 10:04,513
8-31-20 22:40,629
9-1-20 8:41,555
9-2-20 3:49,153
9-2-20 8:15,618
9-4-20 4:10,351
9-4-20 10:45,750
9-4-20 11:02,742
9-5-20 1:04,162
9-6-20 2:30,621
9-6-20 3:26,762
9-6-20 9:04,606
9-6-20 12:08,1251
9-6-20 15:04,216
9-6-20 22:10,439
9-7-20 6:17,555
9-9-20 23:38,892
9-10-20 2:12,893
9-10-20 2:47,626
9-10-20 7:02,503
9-10-20 8:24,654
9-10-20 10:17,1146
9-10-20 23:44,275
9-11-20 0:25,220
9-11-20 0:59,514
9-11-20 8:22,297
9-12-20 10:32,128
9-12-20 12:37,830
9-13-20 7:14,533
9-14-20 9:10,356
9-15-20 2:25,550
9-15-20 7:57,616
9-15-20 22:53,254
9-16-20 1:24,261
9-16-20 7:52,434
9-17-20 11:01,493
9-17-20 23:59,986
9-18-20 23:39,650
9-19-20 1:52,644
9-19-20 5:41,160
9-20-20 2:28,530
9-20-20 9:23,575
9-21-20 21:47,590
9-22-20 1:09,830
9-22-20 4:33,789
9-22-20 7:48,258
9-22-20 23:25,699
9-24-20 4:00,327
9-25-20 6:36,506
9-27-20 8:34,1062
9-27-20 8:35,687
9-27-20 11:38,230
9-27-20 11:43,486
9-28-20 1:28,922
9-28-20 1:41,279
9-28-20 5:34,527
9-29-20 6:38,433
9-30-20 13:09,1010
9-30-20 14:00,409
10-1-20 0:50,780
10-1-20 2:19,351
10-1-20 7:09,682
10-1-20 7:29,770
10-1-20 11:09,390
10-2-20 2:14,650
10-2-20 7:00,379
10-2-20 7:31,367
10-2-20 10:04,467
10-4-20 1:49,931
10-4-20 3:13,542
10-4-20 6:42,699
10-4-20 22:11,251
10-4-20 23:33,458
10-6-20 7:17,311
10-6-20 11:17,281
10-7-20 4:24,688
10-7-20 8:30,698
10-8-20 2:37,1250
10-8-20 3:49,1083
10-8-20 10:40,580
10-9-20 5:16,566
10-9-20 12:37,481
10-10-20 2:29,237
10-10-20 8:16,436
10-10-20 10:59,835
10-10-20 16:08,319
10-11-20 1:51,201
10-11-20 22:10,209
10-11-20 22:17,328
10-12-20 5:50,313
10-12-20 6:26,442
10-12-20 8:04,529
10-13-20 2:57,665
10-14-20 0:45,327
10-14-20 6:29,479
10-14-20 14:13,411
10-14-20 22:08,227
10-15-20 1:15,413
10-15-20 6:14,1119
10-15-20 8:38,175
10-15-20 17:58,392
10-16-20 4:41,261
10-16-20 12:46,512
10-16-20 23:58,541
10-17-20 9:43,830
10-18-20 1:52,425
10-18-20 10:12,220
10-19-20 7:23,530
10-19-20 7:59,282
10-19-20 10:35,369
10-20-20 2:54,437
10-20-20 9:35,674
10-21-20 2:16,1291
10-21-20 4:28,511
10-21-20 4:53,671
10-21-20 7:36,630
10-21-20 11:56,326
10-22-20 3:21,494
10-22-20 4:00,864
10-22-20 6:16,290
10-22-20 6:56,224
10-24-20 5:01,761
10-24-20 7:55,1592
10-24-20 8:42,1188
10-24-20 10:13,283
10-24-20 23:16,481
10-26-20 1:47,521
10-26-20 5:14,887
10-26-20 5:54,627
10-26-20 7:04,580
10-26-20 9:27,561
10-26-20 10:32,626
10-26-20 11:45,482
10-27-20 5:09,414
10-28-20 7:37,523
10-28-20 13:17,451
10-29-20 6:27,256
10-29-20 7:41,467
10-30-20 4:59,1028
10-30-20 9:14,418
10-30-20 12:18,1000
10-31-20 13:34,579
10-31-20 13:48,1030
10-31-20 20:59,465
10-31-20 21:46,590
11-1-20 3:43,433
11-1-20 11:26,287
11-1-20 22:11,295
11-2-20 0:56,493
11-2-20 3:19,463
11-2-20 4:56,458
11-2-20 22:28,319
11-2-20 23:28,286
11-4-20 9:10,372
11-5-20 10:34,92
11-6-20 2:39,257
11-6-20 2:47,269
11-6-20 3:46,422
11-6-20 6:25,417
11-6-20 18:53,735
11-6-20 19:58,608
11-7-20 2:25,656
11-7-20 9:06,598
11-7-20 22:19,722
11-8-20 0:30,390
11-8-20 4:07,488
11-9-20 6:16,906
11-9-20 7:30,1010
11-9-20 7:59,451
11-12-20 0:27,332
11-12-20 5:57,815
11-13-20 9:43,421
11-13-20 14:02,665
11-14-20 5:52,437
11-15-20 12:42,1021
11-16-20 5:50,474
11-17-20 7:48,266
11-17-20 10:20,325
11-17-20 14:04,716
11-17-20 15:20,513
11-18-20 2:55,487
11-18-20 5:35,567
11-18-20 8:26,644
11-19-20 7:50,320
11-19-20 9:38,666
11-19-20 13:52,1096
11-20-20 13:06,609
11-21-20 11:41,426
11-21-20 13:13,138
11-21-20 19:15,516
11-22-20 4:47,540
11-22-20 11:41,586
11-22-20 12:18,1102
11-22-20 12:57,120
11-23-20 12:58,790
11-23-20 17:38,1093
11-24-20 5:12,479
11-24-20 7:21,663
11-25-20 4:43,636
11-25-20 13:34,204
11-26-20 5:12,332
11-28-20 15:20,632
11-28-20 15:33,746
11-29-20 16:54,475
11-29-20 21:01,968
11-29-20 21:45,776
11-30-20 16:06,719
11-30-20 20:33,621
12-1-20 14:50,678
12-2-20 0:43,506
12-3-20 15:39,1747
12-3-20 20:06,564
12-3-20 22:35,552
12-4-20 15:00,250
12-5-20 17:00,287
12-5-20 17:51,301
12-5-20 19:53,432
12-5-20 20:55,526
12-5-20 21:34,680
12-7-20 12:09,786
12-7-20 13:08,897
12-7-20 13:29,281
12-7-20 15:28,304
12-7-20 19:18,741
12-7-20 22:07,156
12-8-20 0:15,845
12-8-20 16:23,1151
12-9-20 20:33,562
12-9-20 21:16,266
12-10-20 11:31,1670
12-11-20 12:05,352
12-11-20 18:10,638
12-11-20 20:57,257
12-12-20 7:54,242
12-12-20 10:09,271
12-12-20 14:04,518
12-12-20 19:33,632
12-12-20 20:47,559
12-12-20 22:57,477
12-13-20 10:42,321
12-13-20 12:59,236
12-13-20 21:33,321
12-13-20 21:38,294
12-14-20 13:40,277
12-14-20 16:02,1541
12-14-20 20:03,165
12-14-20 22:54,262
12-15-20 14:23,739
12-16-20 10:44,386
12-16-20 11:08,442
12-16-20 14:12,201
12-16-20 22:27,854
12-17-20 12:32,328
12-17-20 16:46,589
12-18-20 13:07,1698
12-18-20 17:14,409
12-18-20 18:36,719
12-19-20 10:54,141
12-19-20 16:08,722
12-19-20 16:09,306
12-20-20 18:08,430
12-20-20 19:25,921
12-20-20 20:26,790
12-21-20 9:50,265
12-21-20 19:48,270
12-21-20 22:13,764
12-22-20 20:40,207
12-23-20 15:20,741
12-23-20 15:40,834
12-23-20 23:24,1711
12-24-20 16:16,704
12-24-20 17:39,799
12-25-20 22:57,504
12-26-20 13:46,235
12-26-20 16:49,639
12-26-20 17:03,668
12-26-20 19:02,198
12-26-20 23:16,448
12-27-20 10:30,252
12-27-20 11:24,422
12-27-20 12:13,638
12-27-20 12:39,257
12-27-20 18:23,1160
12-27-20 20:10,1039
12-27-20 20:39,201
12-27-20 21:45,286
12-28-20 12:20,262
12-28-20 15:07,202
12-28-20 15:49,305
12-28-20 17:49,635
12-28-20 17:58,839
12-29-20 13:04,235
12-29-20 16:27,201
12-29-20 21:23,684
12-30-20 17:16,200
12-30-20 21:50,201
12-31-20 10:04,573
12-31-20 12:29,392
12-31-20 16:24,788
12-31-20 17:30,1054
1-1-21 17:09,398
1-2-21 11:56,630
1-2-21 16:51,1759
1-2-21 21:05,297
1-3-21 13:06,140
1-4-21 15:50,1689
1-5-21 14:31,253
1-5-21 17:28,264
1-5-21 17:47,979
1-6-21 12:30,208
1-6-21 13:32,219
1-6-21 17:53,228
1-7-21 11:35,659
1-7-21 18:04,209
1-7-21 20:45,1320
1-7-21 22:58,262
1-8-21 3:03,522
1-8-21 15:29,771
1-9-21 7:17,400
1-9-21 19:09,390
1-9-21 19:27,723
1-9-21 20:01,1271
1-9-21 21:04,1603
1-9-21 22:13,561
1-10-21 10:14,870
1-10-21 19:22,794
1-11-21 10:44,713
1-12-21 10:48,250
1-12-21 18:28,918
1-13-21 10:38,202
1-13-21 14:21,252
1-14-21 13:01,651
1-14-21 15:21,1594
1-15-21 17:23,677
1-16-21 9:43,215
1-16-21 17:00,243
1-16-21 18:20,478
1-16-21 21:05,869
1-18-21 9:50,120
1-18-21 9:53,454
1-18-21 13:03,385
1-19-21 10:21,70
1-19-21 18:23,1732
1-20-21 9:12,332
1-20-21 13:39,352
1-20-21 18:14,2281
1-21-21 14:33,322
1-22-21 22:30,837
1-23-21 13:32,261
1-23-21 18:39,718
1-23-21 20:02,380
1-23-21 21:24,1434
1-23-21 23:26,599
1-24-21 9:55,257
1-24-21 10:20,424
1-24-21 15:02,1497
1-26-21 13:18,2241
1-26-21 14:41,404
1-26-21 18:48,304
1-26-21 19:41,298
1-27-21 14:37,675
1-27-21 14:56,446
1-27-21 20:12,406
1-27-21 22:28,187
1-28-21 10:22,527
1-29-21 10:34,230
1-29-21 18:35,405
1-29-21 20:02,223
1-30-21 18:28,470
1-30-21 19:01,526
1-30-21 20:47,233
1-30-21 22:40,549
1-31-21 21:20,956
1-31-21 21:43,1419
2-2-21 10:37,421
2-2-21 16:14,425
2-2-21 18:07,523
2-2-21 21:24,499
2-3-21 15:46,793
2-3-21 20:19,410
2-4-21 12:37,402
2-4-21 12:41,449
2-4-21 15:44,410
2-4-21 21:26,562
2-6-21 12:59,454
2-6-21 16:37,557
2-6-21 22:35,415
2-7-21 13:58,1432
2-7-21 15:04,449
2-7-21 19:19,618
2-7-21 21:59,656
2-8-21 14:20,646
2-9-21 13:14,2175
2-9-21 23:20,853
2-10-21 0:56,454
2-10-21 15:09,195
2-10-21 22:36,476
2-10-21 23:04,406
2-11-21 13:47,393
2-12-21 1:47,405
2-12-21 9:15,225
2-13-21 16:09,525
2-13-21 19:14,808
2-13-21 19:16,294
2-13-21 19:58,664
2-13-21 20:48,444
2-13-21 22:40,1056
2-14-21 10:22,769
2-14-21 17:51,1413
2-14-21 17:57,293
2-14-21 23:20,413
2-15-21 15:56,536
2-16-21 8:31,440
2-16-21 19:03,633
2-17-21 11:59,194
2-17-21 16:05,322
2-17-21 20:56,697
2-18-21 14:01,263
2-19-21 17:13,1034
2-19-21 21:15,597
2-20-21 1:58,403
2-20-21 7:22,693
2-20-21 11:36,534
2-21-21 12:24,2082
2-21-21 14:50,761
2-21-21 19:19,560
2-21-21 20:06,413
2-21-21 23:28,455
2-22-21 12:45,472
2-22-21 15:44,1266
2-22-21 16:43,1060
2-23-21 9:03,212
2-23-21 18:05,96
2-24-21 21:53,863
2-25-21 1:27,606
2-25-21 5:54,2239
2-25-21 6:11,948
2-25-21 10:01,737
2-25-21 11:50,404
2-25-21 19:33,200
2-26-21 14:14,989
2-26-21 18:49,406
2-26-21 22:09,408
2-27-21 17:45,665
2-28-21 18:23,1408
3-1-21 14:55,516
3-1-21 16:05,499
3-1-21 21:44,306
3-1-21 22:32,1626
3-2-21 0:25,410
3-2-21 15:03,699
3-2-21 19:20,751
3-2-21 19:25,228
3-3-21 16:13,247
3-3-21 18:53,544
3-3-21 19:09,127
3-4-21 13:35,416
3-4-21 17:20,276
3-5-21 20:08,209
3-5-21 20:08,151
3-5-21 22:25,679
3-6-21 16:25,457
3-6-21 20:30,104
3-6-21 21:04,218
3-7-21 10:41,410
3-7-21 12:25,1310
3-8-21 8:41,170
3-8-21 20:03,469
3-8-21 22:32,1316
3-9-21 18:59,652
3-10-21 16:15,3108
3-10-21 16:30,428
3-10-21 17:08,405
3-11-21 3:03,1021
3-11-21 19:03,528
3-12-21 14:24,414
3-12-21 14:31,120
3-12-21 14:38,36
3-12-21 16:40,684
3-12-21 17:00,773
3-12-21 21:52,2527
3-12-21 21:55,117
3-12-21 22:42,909
3-13-21 0:08,672
3-13-21 0:47,350
3-13-21 18:30,504
3-13-21 20:41,413
3-14-21 11:16,423
3-14-21 12:03,60
3-14-21 15:08,600
3-15-21 22:48,404
3-16-21 0:07,406
3-16-21 12:24,520
3-16-21 13:33,405
3-16-21 14:33,281
3-16-21 14:37,504
3-16-21 19:28,50
3-16-21 23:49,702
3-17-21 13:55,233
3-18-21 9:34,422
3-18-21 10:10,1302
3-18-21 19:05,752
3-18-21 19:43,585
3-19-21 0:09,451
3-19-21 1:12,482
3-19-21 17:30,478
3-19-21 18:36,698
3-19-21 20:16,614
3-20-21 19:10,190
3-20-21 19:41,469
3-21-21 8:21,405
3-21-21 10:57,662
3-22-21 11:52,207
3-23-21 10:13,376
3-23-21 16:43,944
3-24-21 0:32,2019
3-24-21 9:48,136
3-24-21 12:56,860
3-24-21 20:36,425
3-25-21 8:31,559
3-25-21 15:52,517
3-25-21 21:06,442
3-26-21 11:01,667
3-26-21 16:58,1113
3-26-21 18:05,590
3-27-21 19:59,506
3-27-21 23:07,475
3-28-21 19:15,536
3-28-21 21:34,140
3-28-21 22:19,802
3-29-21 10:26,649
3-29-21 16:58,276
3-29-21 17:10,534
3-29-21 19:23,682
4-1-21 22:36,851
4-2-21 8:07,737
4-2-21 16:59,428
4-3-21 7:53,745
4-3-21 11:41,1018
4-3-21 16:45,667
4-3-21 17:36,866
4-3-21 19:16,222
4-4-21 11:33,612
4-4-21 12:23,498
4-4-21 12:35,3857
4-4-21 14:04,404
4-4-21 20:58,420
4-5-21 8:55,753
4-5-21 9:17,1688
4-5-21 14:12,964
4-5-21 14:33,404
4-7-21 8:54,198
4-7-21 11:41,479
4-7-21 11:52,956
4-7-21 16:22,638
4-8-21 19:28,1777
4-8-21 19:58,2932
4-8-21 20:09,648
4-8-21 22:02,414
4-8-21 22:41,874
4-9-21 17:49,768
4-10-21 0:05,325
4-10-21 14:43,1198
4-10-21 18:09,424
4-11-21 9:45,2200
4-11-21 11:03,475
4-11-21 11:25,451
4-11-21 13:19,850
4-11-21 18:45,577
4-11-21 18:48,256
4-11-21 19:39,436
4-11-21 20:28,466
4-11-21 20:56,716
4-11-21 22:22,1019
4-11-21 23:54,505
4-12-21 9:39,580
4-12-21 10:45,412
4-12-21 12:34,1160
4-12-21 13:39,814
4-12-21 17:10,439
4-12-21 18:16,686
4-12-21 19:34,625
4-13-21 9:54,403
4-13-21 10:13,702
4-13-21 10:41,2993
4-13-21 11:26,514
4-13-21 16:37,600
4-13-21 16:38,70
4-13-21 21:53,1046
4-14-21 11:49,583
4-14-21 11:58,813
4-14-21 17:22,796
4-14-21 19:08,647
4-15-21 10:34,1280
4-15-21 12:57,947
4-15-21 15:14,671
4-15-21 15:21,668
4-15-21 21:57,1243
4-16-21 10:52,291
4-16-21 12:27,40
4-16-21 12:51,691
4-16-21 14:49,32
4-17-21 10:58,492
4-17-21 11:51,260
4-17-21 12:53,578
4-17-21 17:49,2138
4-17-21 20:10,751
4-17-21 20:22,401
4-18-21 1:36,333
4-18-21 8:04,111
4-18-21 8:38,412
4-18-21 9:52,252
4-18-21 10:23,868
4-18-21 12:41,698
4-18-21 14:03,178
4-18-21 14:24,98
4-18-21 18:52,40
4-18-21 20:45,426
4-18-21 21:18,1618
4-18-21 21:20,340
4-18-21 21:50,794
4-18-21 22:11,184
4-18-21 22:33,1604
4-19-21 0:50,417
4-19-21 10:26,1885
4-19-21 13:07,423
4-19-21 16:41,570
4-19-21 18:21,668
4-19-21 18:23,703
4-19-21 18:51,740
4-19-21 23:28,3745
4-20-21 9:42,815
4-20-21 10:08,220
4-20-21 10:36,420
4-20-21 11:27,1633
4-20-21 17:48,928
4-20-21 19:42,613
4-20-21 20:02,568
4-20-21 22:14,556
4-21-21 7:40,667
4-21-21 8:36,428
4-21-21 10:39,1323
4-21-21 14:42,377
4-21-21 14:55,403
4-21-21 19:16,372
4-21-21 19:26,277
4-21-21 21:51,550
4-22-21 0:52,290
4-22-21 10:10,577
4-22-21 10:48,2078
4-22-21 11:02,1270
4-22-21 12:25,1138
4-22-21 12:48,631
4-22-21 15:52,293
4-22-21 21:21,1458
4-23-21 9:02,436
4-23-21 9:55,457
4-23-21 11:00,743
4-23-21 13:07,425
4-23-21 13:55,4237
4-23-21 15:52,68
4-23-21 17:07,518
4-23-21 23:48,550
4-24-21 11:06,148
4-24-21 11:57,715
4-24-21 18:06,687
4-25-21 8:19,613
4-25-21 10:00,88
4-25-21 10:11,125
4-25-21 10:34,542
4-25-21 11:00,210
4-25-21 11:32,325
4-25-21 11:49,568
4-25-21 13:44,1570
4-25-21 16:41,824
4-25-21 17:48,1405
4-26-21 0:58,598
4-26-21 8:51,1679
4-26-21 9:29,544
4-26-21 10:06,337
4-26-21 11:41,555
4-26-21 15:23,514
4-26-21 16:20,1141
4-26-21 16:42,202
4-26-21 17:48,620
4-26-21 17:55,1803
4-26-21 21:46,636
4-27-21 11:47,1620
4-27-21 13:36,416
4-27-21 13:39,308
4-27-21 15:42,548
4-27-21 16:35,335
4-27-21 18:38,780
4-27-21 19:02,438
4-27-21 20:22,256
4-28-21 10:01,209
4-28-21 11:16,709
4-28-21 13:49,2222
4-28-21 20:30,691
4-28-21 21:05,1534
4-29-21 0:17,1024
4-29-21 8:05,205
4-29-21 8:58,799
4-29-21 11:36,221
4-29-21 13:36,548
4-29-21 13:42,536
4-29-21 13:50,901
4-29-21 16:31,984
4-29-21 16:37,144
4-29-21 16:42,209
4-29-21 19:12,1118
4-29-21 21:18,559
4-30-21 10:01,606
4-30-21 10:43,385
4-30-21 12:43,585
4-30-21 14:58,430
4-30-21 15:34,259
4-30-21 15:58,700
4-30-21 18:28,597
4-30-21 19:18,892
4-30-21 22:26,3054
5-1-21 7:34,193
5-1-21 8:52,6
5-1-21 9:45,912
5-1-21 10:03,509
5-1-21 10:25,5913
5-1-21 10:54,3
5-1-21 11:25,414
5-1-21 11:50,482
5-1-21 13:22,3
5-1-21 13:41,407
5-1-21 14:01,513
5-1-21 14:11,736
5-1-21 14:38,954
5-1-21 16:54,412
5-1-21 17:24,900
5-1-21 18:22,435
5-1-21 20:25,405
5-1-21 21:19,631
5-1-21 22:44,430
5-1-21 23:10,429
5-2-21 9:40,74
5-2-21 9:49,422
5-2-21 10:18,656
5-2-21 10:21,2156
5-2-21 10:21,424
5-2-21 10:43,407
5-2-21 10:49,875
5-2-21 10:59,2587
5-2-21 11:13,633
5-2-21 11:23,1035
5-2-21 11:29,405
5-2-21 14:37,632
5-2-21 15:52,217
5-2-21 16:34,176
5-2-21 16:49,1904
5-2-21 17:08,565
5-2-21 17:10,463
5-2-21 17:35,410
5-2-21 20:50,428
5-2-21 21:07,704
5-2-21 21:17,675
5-2-21 21:43,5274
5-2-21 23:05,3
5-2-21 23:06,3
5-3-21 8:42,429
5-3-21 9:17,793
5-3-21 11:31,3
5-3-21 13:48,440
5-3-21 13:49,1615
5-3-21 14:37,1507
5-3-21 19:14,360
5-3-21 22:22,440
5-3-21 22:52,611
5-4-21 9:46,188
5-4-21 10:45,445
5-4-21 13:15,464
5-4-21 16:28,470
5-4-21 17:26,1810
5-4-21 17:54,235
5-4-21 17:57,562
5-4-21 18:11,1947
5-4-21 19:22,2027
5-5-21 10:35,1051
5-5-21 10:39,618
5-5-21 11:05,214
5-5-21 11:07,671
5-5-21 11:33,401
5-5-21 11:46,329
5-5-21 13:58,481
5-5-21 17:18,635
5-5-21 20:28,1203
5-6-21 0:04,597
5-6-21 12:02,553
5-6-21 13:34,2017
5-6-21 15:55,1032
5-6-21 16:39,1273
5-6-21 17:16,480
5-6-21 17:46,446
5-6-21 17:58,633
5-6-21 21:52,403
5-7-21 10:14,800
5-7-21 10:21,623
5-7-21 12:43,1151
5-7-21 12:46,252
5-7-21 13:21,780
5-7-21 15:38,85
5-7-21 17:07,144
5-7-21 20:12,594
5-7-21 20:41,491
5-8-21 10:22,1789
5-8-21 11:37,2429
5-8-21 14:07,835
5-8-21 21:05,1459
5-8-21 21:28,1049
5-8-21 23:22,1167
5-9-21 9:13,1524
5-9-21 10:27,1487
5-9-21 10:35,704
5-9-21 11:21,605
5-9-21 11:44,666
5-9-21 13:16,826
5-9-21 13:50,1209
5-9-21 18:01,417
5-9-21 19:36,629
5-9-21 22:26,1199
5-9-21 22:31,417
5-10-21 10:25,733
5-10-21 10:30,80
5-10-21 10:39,1302
5-10-21 13:22,610
5-10-21 14:31,88
5-10-21 15:12,505
5-10-21 15:15,190
5-10-21 16:14,3
5-10-21 16:21,1372
5-10-21 16:45,631
5-10-21 17:13,501
5-10-21 17:47,621
5-10-21 18:47,529
5-10-21 18:51,504
5-10-21 19:11,4122
5-10-21 21:21,503
5-10-21 21:33,4909
5-10-21 22:52,180
5-11-21 2:44,91
5-11-21 13:32,638
5-11-21 15:53,679
5-11-21 16:16,1875
5-11-21 17:09,525
5-11-21 18:01,624
5-11-21 18:10,560
5-11-21 18:40,437
5-11-21 20:29,191
5-11-21 23:20,930
5-11-21 23:54,711
5-12-21 0:54,3
5-12-21 2:45,477
5-12-21 2:49,436
5-12-21 8:10,362
5-12-21 8:20,26
5-12-21 9:22,3
5-12-21 9:37,3
5-12-21 10:40,1140
5-12-21 11:18,526
5-12-21 11:37,1740
5-12-21 12:26,522
5-12-21 12:34,624
5-12-21 13:08,150
5-12-21 14:10,501
5-12-21 14:33,1297
5-12-21 14:48,1187
5-12-21 15:16,675
5-12-21 16:18,994
5-12-21 16:27,820
5-12-21 16:37,463
5-12-21 16:38,503
5-12-21 16:56,523
5-12-21 17:41,2006
5-12-21 18:21,309
5-12-21 19:07,332
5-12-21 20:01,577
5-12-21 22:06,958
5-13-21 7:47,673
5-13-21 10:16,513
5-13-21 12:19,4913
5-13-21 12:24,1461
5-13-21 12:26,867
5-13-21 13:17,501
5-13-21 14:38,150
5-13-21 15:29,600
5-13-21 16:22,843
5-13-21 16:26,547
5-13-21 17:52,594
5-13-21 18:57,501
5-13-21 20:15,73
5-13-21 20:26,504
5-13-21 21:55,610
5-13-21 23:59,522
5-14-21 10:09,528
5-14-21 10:11,273
5-14-21 10:59,543
5-14-21 17:31,553
5-14-21 18:52,257
5-14-21 20:11,1094
5-14-21 23:00,542
5-15-21 8:08,1142
5-15-21 8:31,505
5-15-21 9:36,861
5-15-21 12:30,649
5-15-21 12:54,1095
5-15-21 13:03,237
5-15-21 13:38,433
5-15-21 14:39,627
5-15-21 19:31,290
5-16-21 11:58,507
5-16-21 12:59,960
5-16-21 13:23,502
5-16-21 14:53,682
5-16-21 15:04,592
5-16-21 17:58,540
5-16-21 20:02,1476
5-16-21 20:24,391
5-16-21 21:17,519
5-16-21 22:05,1855
5-16-21 23:50,743
5-17-21 9:39,1953
5-17-21 10:02,1828
5-17-21 11:08,842
5-17-21 12:29,33
5-17-21 13:13,308
5-17-21 13:30,513
5-17-21 13:38,553
5-17-21 14:28,510
5-17-21 14:43,271
5-17-21 15:16,664
5-17-21 15:46,185
5-17-21 15:52,1122
5-17-21 17:53,95
5-17-21 18:09,33
5-17-21 19:27,740
5-17-21 21:11,703
5-18-21 12:13,1693
5-18-21 12:21,205
5-18-21 14:12,3387
5-18-21 16:35,670
5-19-21 7:23,359
5-19-21 10:16,540
5-19-21 11:04,501
5-19-21 11:15,1160
5-19-21 11:33,502
5-19-21 11:40,514
5-19-21 13:07,600
5-19-21 15:18,162
5-19-21 15:36,171
5-19-21 17:08,1542
5-19-21 20:43,633
5-19-21 21:29,3
5-20-21 2:13,761
5-20-21 8:19,501
5-20-21 13:14,175
5-20-21 17:35,352
5-20-21 18:02,522
5-20-21 18:38,586
5-20-21 21:48,504
5-20-21 23:02,608
5-20-21 23:49,532
5-21-21 2:31,3
5-21-21 8:34,3
5-21-21 9:23,511
5-21-21 10:52,142
5-21-21 13:04,681
5-21-21 14:23,745
5-21-21 16:59,127
5-21-21 19:14,163
5-21-21 21:28,85
5-21-21 22:24,615
5-21-21 23:36,805
5-22-21 9:37,1954
5-22-21 11:22,1456
5-22-21 11:32,1
5-22-21 15:23,1171
5-22-21 16:23,369
5-22-21 16:59,757
5-22-21 17:43,511
5-22-21 18:00,708
5-22-21 21:59,764
5-22-21 23:21,1129
5-23-21 10:13,60
5-23-21 11:24,1020
5-23-21 14:17,507
5-23-21 14:55,609
5-23-21 16:46,582
5-23-21 17:24,295
5-23-21 20:08,574
5-24-21 9:32,668
5-24-21 12:06,262
5-24-21 13:20,281
5-24-21 13:32,745
5-24-21 15:08,960
5-24-21 15:14,343
5-24-21 20:05,339
5-24-21 20:21,927
5-24-21 21:11,459
5-24-21 22:38,2488
5-24-21 22:49,1283
5-25-21 6:46,770
5-25-21 8:01,520
5-25-21 12:30,725
5-25-21 13:17,671
5-25-21 13:53,539
5-25-21 14:22,200
5-25-21 15:54,1
5-25-21 16:09,515
5-25-21 16:56,69
5-25-21 17:46,99
5-25-21 17:47,1109
5-25-21 18:24,435
5-25-21 19:43,140
5-25-21 20:32,820
5-25-21 20:46,502
5-25-21 21:41,1281
5-25-21 23:35,118
5-26-21 1:26,625
5-26-21 8:39,639
5-26-21 12:21,332
5-26-21 13:07,909
5-26-21 14:25,507
5-26-21 15:31,684
5-26-21 19:01,1230
5-26-21 21:04,539
5-26-21 22:06,505
5-27-21 0:55,313
5-27-21 10:09,380
5-27-21 13:39,292
5-27-21 16:44,874
5-27-21 17:54,581
5-27-21 19:56,717
5-27-21 20:39,582
5-27-21 22:19,634
5-27-21 23:06,639
5-28-21 2:09,554
5-28-21 9:15,628
5-28-21 10:04,521
5-28-21 17:15,357
5-28-21 21:29,504
5-28-21 22:13,509
5-29-21 8:11,513
5-29-21 8:24,1110
5-29-21 9:22,737
5-29-21 10:28,144
5-29-21 11:16,524
5-29-21 13:52,1763
5-29-21 15:52,509
5-29-21 16:08,170
5-29-21 16:32,172
5-29-21 17:05,59
5-29-21 17:10,55
5-29-21 17:24,74
5-29-21 17:31,547
5-29-21 17:41,42
5-29-21 17:59,83
5-29-21 18:20,511
5-29-21 18:57,625
5-29-21 19:00,122
5-29-21 19:05,201
5-29-21 21:15,506
5-29-21 21:43,86
5-29-21 21:56,402
5-29-21 22:50,681
5-29-21 22:53,67
5-29-21 23:00,50
5-29-21 23:20,501
5-30-21 0:21,35
5-30-21 0:28,85
5-30-21 0:38,49
5-30-21 0:48,49
5-30-21 6:34,504
5-30-21 7:20,646
5-30-21 8:05,156
5-30-21 8:16,214
5-30-21 10:12,513
5-30-21 10:17,49
5-30-21 12:03,92
5-30-21 12:11,505
5-30-21 12:39,577
5-30-21 12:39,1335
5-30-21 12:47,49
5-30-21 12:48,507
5-30-21 12:51,548
5-30-21 13:21,95
5-30-21 14:33,50
5-30-21 15:00,660
5-30-21 15:22,520
5-30-21 15:42,631
5-30-21 15:55,152
5-30-21 16:21,537
5-30-21 16:33,809
5-30-21 18:43,1510
5-30-21 19:40,283
5-30-21 22:14,782
5-31-21 7:40,635
5-31-21 7:43,1200
5-31-21 9:38,275
5-31-21 21:28,504
6-1-21 13:13,118
6-1-21 14:00,49
6-1-21 14:13,629
6-1-21 14:30,898
6-1-21 15:16,49
6-1-21 16:41,73
6-1-21 17:13,106
6-1-21 17:19,517
6-1-21 17:21,501
6-1-21 17:37,807
6-1-21 18:09,76
6-1-21 18:12,67
6-1-21 19:07,180
6-1-21 19:18,167
6-1-21 20:05,156
6-1-21 20:39,1084
6-1-21 21:57,151
6-1-21 22:03,49
6-1-21 23:55,254
6-2-21 1:37,512
6-2-21 8:02,512
6-2-21 8:07,72
6-2-21 8:33,628
6-2-21 8:58,660
6-2-21 9:02,560
6-2-21 9:11,215
6-2-21 10:01,540
6-2-21 10:20,534
6-2-21 11:03,60
6-2-21 11:12,72
6-2-21 12:08,106
6-2-21 13:23,49
6-2-21 13:39,611
6-2-21 14:32,161
6-2-21 14:43,381
6-2-21 14:58,643
6-2-21 15:33,759
6-2-21 16:52,57
6-2-21 17:24,176
6-2-21 17:52,256
6-2-21 18:13,28
6-2-21 19:42,533
6-2-21 19:43,101
6-2-21 21:31,65
6-2-21 21:55,330
6-2-21 23:39,54
6-3-21 1:36,512
6-3-21 1:43,551
6-3-21 8:03,598
6-3-21 12:50,140
6-3-21 13:26,563
6-3-21 13:55,347
6-3-21 14:57,503
6-3-21 15:00,49
6-3-21 15:00,264
6-3-21 16:28,522
6-3-21 16:31,513
6-3-21 17:41,150
6-3-21 17:48,49
6-3-21 18:46,647
6-3-21 18:50,42
6-3-21 19:57,503
6-3-21 20:06,166
6-3-21 20:16,49
6-3-21 22:02,503
6-3-21 23:01,512
6-4-21 0:02,164
6-4-21 0:04,535
6-4-21 0:42,597
6-4-21 4:14,49
6-4-21 7:05,558
6-4-21 8:05,185
6-4-21 9:01,548
6-4-21 10:01,520
6-4-21 10:27,590
6-4-21 12:04,543
6-4-21 14:47,49
6-4-21 15:39,705
6-4-21 16:20,28
6-4-21 17:16,514
6-4-21 17:32,198
6-4-21 17:51,249
6-4-21 18:24,171
6-4-21 18:29,633
6-4-21 20:01,505
6-4-21 20:47,625
6-4-21 21:04,516
6-4-21 21:11,86
6-4-21 21:58,507
6-4-21 21:59,1984
6-4-21 23:04,590
6-4-21 23:41,521
6-5-21 8:56,257
6-5-21 9:15,194
6-5-21 9:53,939
6-5-21 10:11,1266
6-5-21 10:15,506
6-5-21 10:27,286
6-5-21 10:44,513
6-5-21 11:31,190
6-5-21 11:44,542
6-5-21 12:54,84
6-5-21 13:30,90
6-5-21 14:02,541
6-5-21 14:03,843
6-5-21 14:56,513
6-5-21 16:53,98
6-5-21 18:27,1605
6-5-21 20:50,60
6-5-21 20:52,49
6-5-21 21:14,777
6-5-21 21:24,47
6-5-21 21:50,527
6-6-21 8:01,1175
6-6-21 8:08,593
6-6-21 8:35,257
6-6-21 10:48,1050
6-6-21 13:38,582
6-6-21 13:58,511
6-6-21 14:49,257
6-6-21 15:23,174
6-6-21 15:24,541
6-6-21 18:01,713
6-6-21 18:24,706
6-6-21 18:38,224
6-6-21 18:48,1007
6-6-21 19:58,182
6-6-21 20:56,622
6-6-21 22:56,111
6-7-21 9:47,505
6-7-21 10:04,647
6-7-21 11:42,666
6-7-21 11:56,111
6-7-21 12:16,605
6-7-21 12:33,368
6-7-21 12:43,511
6-7-21 12:46,590
6-7-21 12:57,504
6-7-21 13:59,505
6-7-21 14:24,629
6-7-21 15:25,111
6-7-21 16:48,209
6-7-21 16:54,1130
6-7-21 17:51,426
6-7-21 18:22,111
6-7-21 18:38,111
6-7-21 19:10,143
6-7-21 19:15,111
6-7-21 19:47,111
6-7-21 20:58,266
6-7-21 21:14,603
6-8-21 8:54,513
6-8-21 13:37,284
6-8-21 13:37,904
6-8-21 16:34,507
6-8-21 19:04,133
6-8-21 19:26,241
6-8-21 20:11,597
6-8-21 21:15,502
6-8-21 21:38,111
6-9-21 0:02,174
6-9-21 2:53,50
6-9-21 3:10,111
6-9-21 9:37,502
6-9-21 11:30,111
6-9-21 12:16,818
6-9-21 13:21,111
6-9-21 14:08,111
6-9-21 16:05,111
6-9-21 17:47,563
6-9-21 20:40,111
6-9-21 21:16,612
6-9-21 22:08,111
6-9-21 22:15,548
6-9-21 22:29,111
6-10-21 0:40,111
6-10-21 11:33,561
6-10-21 12:28,169
6-10-21 13:20,88
6-10-21 13:23,48
6-10-21 13:24,52
6-10-21 13:31,514
6-10-21 13:49,671
6-10-21 14:42,525
6-10-21 17:22,550
6-10-21 17:23,297
6-10-21 17:56,548
6-10-21 19:06,505
6-10-21 22:06,765
6-11-21 8:34,286
6-11-21 10:19,505
6-11-21 10:28,95
6-11-21 11:30,161
6-11-21 11:41,2807
6-11-21 11:53,510
6-11-21 12:34,629
6-11-21 13:11,338
6-11-21 13:28,1270
6-11-21 19:07,678
6-11-21 22:02,1177
6-12-21 8:54,509
6-12-21 10:13,520
6-12-21 10:48,4406
6-12-21 15:20,578
6-12-21 16:25,535
6-12-21 17:51,155
6-12-21 18:00,44
6-12-21 20:16,147
6-12-21 20:43,527
6-12-21 21:35,541
6-12-21 21:40,517
6-12-21 21:42,630
6-12-21 22:39,741
6-13-21 8:22,889
6-13-21 8:31,1080
6-13-21 11:42,611
6-13-21 11:52,1649
6-13-21 13:59,643
6-13-21 15:21,526
6-13-21 16:10,1054
6-13-21 22:33,1355
6-13-21 23:02,639
6-14-21 6:10,134
6-14-21 9:45,210
6-14-21 10:56,556
6-14-21 14:17,632
6-14-21 16:54,557
6-14-21 17:53,145
6-14-21 18:52,504
6-14-21 20:36,530
6-14-21 20:59,272
6-15-21 0:12,124
6-15-21 9:18,984
6-15-21 10:26,556
6-15-21 11:45,77
6-15-21 12:11,27
6-15-21 13:03,2270
6-15-21 13:10,340
6-15-21 13:47,515
6-15-21 13:59,195
6-15-21 17:40,2881
6-15-21 21:43,174
6-15-21 23:03,652
6-16-21 10:31,119
6-16-21 10:52,82
6-16-21 11:23,338
6-16-21 11:31,127
6-16-21 12:00,55
6-16-21 13:22,515
6-16-21 15:54,503
6-16-21 16:21,948
6-16-21 16:34,950
6-16-21 19:35,512
6-16-21 20:01,521
6-16-21 20:38,438
6-17-21 7:22,645
6-17-21 10:11,534
6-17-21 10:52,1316
6-17-21 12:10,27
6-17-21 17:11,264
6-17-21 18:35,501
6-17-21 20:42,507
6-18-21 8:15,687
6-18-21 9:55,572
6-18-21 10:43,1119
6-18-21 11:28,621
6-18-21 13:11,810
6-18-21 14:56,320
6-18-21 16:30,501
6-18-21 17:42,511
6-18-21 19:03,2068
6-18-21 22:41,509
6-19-21 9:00,557
6-19-21 13:06,185
6-19-21 15:52,400
6-19-21 17:36,230
6-19-21 18:01,506
6-19-21 18:04,473
6-20-21 1:09,228
6-20-21 11:32,239
6-20-21 11:33,53
6-20-21 12:30,661
6-20-21 12:49,534
6-20-21 18:49,523
6-20-21 21:09,547
6-20-21 21:24,576
6-20-21 22:11,598
6-20-21 22:11,632
6-21-21 0:47,61
6-21-21 8:29,27
6-21-21 9:53,526
6-21-21 11:03,203
6-21-21 12:53,113
6-21-21 14:34,333
6-21-21 16:18,512
6-21-21 18:01,464
6-21-21 18:54,506
6-21-21 19:32,702
6-22-21 9:33,237
6-22-21 11:19,513
6-22-21 12:13,515
6-22-21 19:34,626
6-22-21 21:05,529
6-22-21 23:29,503
6-23-21 10:12,507
6-23-21 12:23,629
6-23-21 13:08,208
6-23-21 13:20,504
6-23-21 14:52,261
6-23-21 15:16,550
6-23-21 16:50,280
6-23-21 17:38,525
6-23-21 19:30,620
6-23-21 21:40,232
6-23-21 22:39,732
6-24-21 9:30,205
6-24-21 12:56,136
6-24-21 13:02,644
6-24-21 22:21,178
6-24-21 22:23,187
6-24-21 23:02,1573
6-25-21 0:54,596
6-25-21 12:24,60
6-25-21 18:19,1008
6-25-21 19:44,632
6-25-21 21:05,439
6-25-21 22:11,557
6-26-21 10:46,512
6-26-21 11:06,757
6-26-21 13:23,493
6-26-21 14:09,64
6-26-21 15:28,660
6-27-21 11:45,520
6-27-21 12:56,261
6-27-21 13:07,113
6-27-21 13:39,1009
6-27-21 16:33,514
6-27-21 17:53,90
6-27-21 20:17,715
6-28-21 1:49,254
6-28-21 8:53,116
6-28-21 10:44,586
6-28-21 11:30,797
6-28-21 13:03,2726
6-28-21 15:00,505
6-28-21 15:00,74
6-28-21 16:49,1068
6-28-21 18:06,707
6-28-21 18:52,512
6-28-21 18:53,140
6-28-21 21:16,1613
6-28-21 23:42,1707
6-28-21 23:56,503
6-29-21 1:40,760
6-29-21 9:11,275
6-29-21 9:31,554
6-29-21 9:32,586
6-29-21 11:23,269
6-29-21 11:28,518
6-29-21 12:06,268
6-29-21 13:00,209
6-29-21 13:06,44
6-29-21 16:50,344
6-29-21 17:48,930
6-30-21 10:34,508
6-30-21 13:46,60
6-30-21 14:33,510
6-30-21 16:36,651
6-30-21 17:48,597
6-30-21 17:54,1531
6-30-21 18:04,355
6-30-21 18:30,365
6-30-21 18:52,169
6-30-21 23:33,553
6-30-21 23:40,736
7-1-21 0:36,144
7-1-21 9:47,412
7-1-21 10:44,167
7-1-21 12:44,128
7-1-21 18:39,120
7-1-21 18:42,55
7-1-21 21:10,1588
7-2-21 4:33,55
7-2-21 4:34,35
7-2-21 9:07,156
7-2-21 10:39,118
7-2-21 17:34,378
7-2-21 18:40,38
7-2-21 23:55,60
7-3-21 2:17,99
7-3-21 9:30,1198
7-3-21 9:32,194
7-3-21 10:26,126
7-3-21 10:33,103
7-3-21 10:42,141
7-3-21 10:43,129
7-3-21 11:27,149
7-3-21 11:30,301
7-3-21 12:27,844
7-3-21 12:32,135
7-3-21 13:15,143
7-3-21 13:17,102
7-3-21 13:25,458
7-3-21 13:49,106
7-3-21 14:34,603
7-3-21 14:49,308
7-3-21 15:02,664
7-3-21 15:19,154
7-3-21 15:39,122
7-3-21 16:15,113
7-3-21 19:27,115
7-3-21 19:38,120
7-3-21 20:39,452
7-4-21 0:05,678
7-4-21 1:12,105
7-4-21 7:48,105
7-4-21 8:28,99
7-4-21 8:37,484
7-4-21 10:05,262
7-4-21 10:10,253
7-4-21 10:19,154
7-4-21 11:19,108
7-4-21 11:38,112
7-4-21 12:48,443
7-4-21 13:17,827
7-4-21 13:35,240
7-4-21 13:50,221
7-4-21 13:57,414
7-4-21 14:11,313
7-4-21 14:24,337
7-4-21 14:42,239
7-4-21 15:00,134
7-4-21 15:10,110
7-4-21 16:07,155
7-4-21 17:24,104
7-4-21 18:31,294
7-4-21 19:48,101
7-4-21 19:48,496
7-4-21 20:09,319
7-5-21 0:05,357
7-5-21 0:30,405
7-5-21 10:38,537
7-5-21 11:26,198
7-5-21 12:37,140
7-5-21 12:41,140
7-5-21 12:47,200
7-5-21 13:11,454
7-5-21 13:14,119
7-5-21 13:35,445
7-5-21 15:57,104
7-5-21 17:07,110
7-5-21 17:54,92
7-5-21 18:04,107
7-5-21 20:49,118
7-6-21 8:51,495
7-6-21 13:53,272
7-6-21 14:15,1318
7-6-21 14:18,260
7-6-21 15:17,428
7-6-21 17:14,744
7-6-21 18:11,100
7-6-21 18:23,482
7-6-21 20:38,81
7-7-21 6:47,489
7-7-21 11:48,510
7-7-21 12:41,145
7-7-21 13:14,165
7-7-21 14:25,523
7-7-21 16:58,485
7-7-21 17:08,530
7-7-21 19:25,177
7-7-21 21:19,330
7-8-21 7:26,450
7-8-21 9:39,424
7-8-21 10:05,138
7-8-21 10:25,510
7-8-21 12:09,99
7-8-21 14:30,188
7-8-21 16:04,112
7-8-21 16:38,1202
7-8-21 16:40,547
7-8-21 16:44,155
7-8-21 18:41,106
7-8-21 19:40,603
7-8-21 23:27,501
7-9-21 7:53,184
7-9-21 8:21,511
7-9-21 9:26,117
7-9-21 10:35,510
7-9-21 12:08,307
7-9-21 12:57,351
7-9-21 14:20,427
7-9-21 14:46,277
7-9-21 15:16,306
7-9-21 15:24,381
7-9-21 16:03,188
7-9-21 16:41,1066
7-9-21 20:07,90
7-9-21 21:48,302
7-10-21 9:45,277
7-10-21 10:12,290
7-10-21 10:40,470
7-10-21 11:19,108
7-10-21 12:08,102
7-10-21 12:56,947
7-10-21 16:58,1600
7-10-21 20:04,134
7-10-21 21:34,149
7-10-21 22:35,1852
7-10-21 22:54,210
7-11-21 0:08,115
7-11-21 1:30,112
7-11-21 7:49,522
7-11-21 9:26,270
7-11-21 13:57,270
7-11-21 20:41,105
7-11-21 22:54,120
7-12-21 0:43,108
7-12-21 9:55,114
7-12-21 12:13,365
7-12-21 13:28,265
7-12-21 13:50,636
7-12-21 20:36,105
7-13-21 1:01,241
7-13-21 13:09,2834
7-13-21 13:23,1969
7-13-21 13:51,73
7-13-21 14:16,510
7-13-21 14:28,750
7-13-21 15:16,245
7-13-21 19:26,140
7-13-21 19:39,127
7-13-21 19:46,60
7-13-21 22:52,2775
7-14-21 7:11,210
7-14-21 11:07,337
7-14-21 11:14,213
7-14-21 11:45,295
7-14-21 15:21,201
7-14-21 15:39,282
7-14-21 21:32,210
7-14-21 21:53,294
7-14-21 23:34,211
7-15-21 8:52,205
7-15-21 11:29,600
7-15-21 13:03,567
7-15-21 13:28,751
7-15-21 16:13,386
7-15-21 16:40,342
7-15-21 16:49,204
7-15-21 17:03,252
7-16-21 7:26,259
7-16-21 9:29,385
7-16-21 11:55,278
7-16-21 12:29,516
7-16-21 17:06,214
7-16-21 19:07,603
7-17-21 10:20,339
7-17-21 10:36,327
7-17-21 11:27,229
7-17-21 14:05,165
7-17-21 15:28,861
7-17-21 16:19,2611
7-17-21 19:41,238
7-17-21 19:54,601
7-17-21 20:46,852
7-17-21 21:54,243
7-17-21 23:51,1073
7-18-21 9:37,1853
7-18-21 9:46,830
7-18-21 15:59,327
7-18-21 17:14,206
7-18-21 17:29,70
7-19-21 1:46,206
7-19-21 8:29,223
7-19-21 10:48,204
7-19-21 12:54,520
7-19-21 14:52,204
7-19-21 16:33,200
7-19-21 17:09,575
7-19-21 19:40,204
7-19-21 21:41,201
7-19-21 21:52,200
7-19-21 23:25,752
7-20-21 9:27,834
7-20-21 14:12,319
7-20-21 14:24,237
7-20-21 14:29,246
7-20-21 18:27,1800
7-20-21 20:22,285
7-21-21 10:02,314
7-21-21 12:17,936
7-21-21 15:22,203
7-21-21 16:17,255
7-21-21 17:24,526
7-21-21 17:59,1299
7-21-21 18:15,405
7-21-21 18:24,608
7-21-21 23:33,218
7-22-21 11:45,3513
7-22-21 12:52,275
7-22-21 13:07,217
7-22-21 13:40,351
7-22-21 15:02,345
7-22-21 15:20,348
7-22-21 16:43,385
7-22-21 16:46,385
7-22-21 19:11,208
7-22-21 19:15,335
7-22-21 20:31,686
7-22-21 21:00,675
7-22-21 22:28,280
7-22-21 23:20,968
7-22-21 23:22,703
7-23-21 7:59,784
7-23-21 19:00,376
7-23-21 21:31,208
7-24-21 1:33,340
7-24-21 10:38,405
7-24-21 10:58,887
7-24-21 11:19,715
7-24-21 12:16,291
7-24-21 13:04,362
7-24-21 14:25,272
7-24-21 18:14,513
7-24-21 19:56,218
7-24-21 20:55,446
7-24-21 21:12,303
7-24-21 23:31,1699
7-25-21 8:28,455
7-25-21 9:49,740
7-25-21 10:20,1046
7-25-21 10:58,200
7-25-21 12:21,377
7-25-21 21:05,227
7-25-21 22:39,287
7-25-21 22:57,230
7-26-21 8:17,255
7-26-21 11:29,575
7-26-21 14:30,286
7-26-21 14:35,315
7-26-21 14:53,454
7-26-21 18:59,204
7-26-21 19:54,262
7-26-21 20:04,4331
7-26-21 21:17,1472
7-26-21 22:27,323
7-26-21 23:24,382
7-27-21 12:34,777
7-27-21 13:10,210
7-27-21 18:11,413
7-27-21 18:15,684
7-27-21 18:53,753
7-27-21 19:19,320
7-27-21 19:23,462
7-27-21 21:02,244
7-27-21 22:03,90
7-27-21 23:01,208
7-28-21 7:52,588
7-28-21 8:43,119
7-28-21 8:54,556
7-28-21 10:14,219
7-28-21 10:24,262
7-28-21 11:40,548
7-28-21 11:42,782
7-28-21 17:23,1793
7-28-21 19:50,1058
7-28-21 20:28,100
7-28-21 21:57,547
7-28-21 22:44,950
7-29-21 11:09,209
7-29-21 12:22,592
7-29-21 16:24,183
7-29-21 16:28,257
7-29-21 17:09,355
7-29-21 20:28,230
7-30-21 8:47,361
7-30-21 10:20,786
7-30-21 12:28,257
7-30-21 12:37,434
7-30-21 19:48,491
7-30-21 20:38,335
7-31-21 8:43,210
7-31-21 11:55,351
7-31-21 12:12,1803
7-31-21 12:21,691
7-31-21 13:50,400
7-31-21 15:07,972
7-31-21 16:26,1443
7-31-21 18:41,952
7-31-21 19:02,349
8-1-21 10:54,664
8-1-21 18:51,468
8-1-21 21:55,1630
8-1-21 22:55,224
8-2-21 0:40,959
8-2-21 10:14,502
8-2-21 12:42,440
8-2-21 13:13,342
8-2-21 14:02,609
8-2-21 15:00,206
8-2-21 18:38,501
8-3-21 8:27,201
8-3-21 10:28,206
8-3-21 11:26,261
8-3-21 11:48,347
8-3-21 12:32,761
8-3-21 12:39,461
8-3-21 12:42,3208
8-3-21 12:42,262
8-3-21 12:45,410
8-3-21 13:21,206
8-3-21 13:29,652
8-3-21 16:17,411
8-3-21 22:09,2594
8-4-21 11:02,321
8-4-21 11:37,309
8-4-21 11:39,282
8-4-21 12:03,199
8-4-21 13:00,80
8-4-21 13:43,265
8-4-21 14:01,219
8-4-21 17:08,418
8-4-21 18:12,230
8-4-21 19:20,348
8-4-21 23:53,633
8-5-21 13:12,943
8-5-21 17:23,470
8-5-21 20:24,412
8-5-21 22:13,899
8-5-21 22:49,216
8-6-21 8:53,275
8-6-21 10:41,387
8-6-21 18:19,923
8-6-21 19:27,206
8-6-21 19:47,457
8-6-21 23:31,554
8-7-21 8:13,205
8-7-21 8:19,200
8-7-21 9:02,1877
8-7-21 11:19,203
8-7-21 11:24,215
8-7-21 12:30,255
8-7-21 13:41,207
8-7-21 15:49,1782
8-7-21 16:50,945
8-7-21 22:34,304
8-7-21 23:14,211
8-8-21 0:36,210
8-8-21 8:56,230
8-8-21 11:50,1340
8-8-21 16:51,263
8-8-21 18:42,329
8-8-21 19:13,200
8-8-21 19:16,503
8-9-21 3:12,209
8-9-21 10:12,663
8-9-21 10:30,215
8-9-21 10:55,309
8-9-21 12:19,661
8-9-21 18:36,290
8-10-21 0:26,196
8-10-21 1:04,162
8-10-21 2:03,81
8-10-21 2:22,65
8-10-21 12:18,124
8-10-21 13:09,209
8-10-21 13:49,265
8-10-21 15:19,212
8-10-21 16:54,206
8-10-21 20:00,283
8-10-21 21:10,668
8-10-21 23:24,500
8-11-21 8:57,561
8-11-21 10:48,426
8-11-21 12:22,201
8-11-21 12:43,225
8-11-21 13:34,288
8-11-21 22:53,294
8-11-21 23:56,162
8-12-21 13:32,494
8-12-21 18:07,258
8-12-21 20:42,412
8-12-21 21:51,379
8-12-21 22:41,373
8-12-21 22:47,383
8-13-21 0:34,660
8-13-21 12:38,213
8-13-21 14:13,124
8-13-21 21:00,332
8-14-21 8:37,403
8-14-21 9:17,405
8-14-21 10:04,1250
8-14-21 11:44,184
8-14-21 13:42,891
8-14-21 14:28,362
8-14-21 16:58,288
8-14-21 18:54,550
8-15-21 0:16,834
8-15-21 9:40,336
8-15-21 9:42,476
8-15-21 11:07,2109
8-15-21 17:31,318
8-15-21 18:51,538
8-15-21 21:59,1667
8-15-21 22:22,149
8-15-21 22:24,558
8-15-21 22:25,204
8-16-21 9:57,282
8-16-21 12:13,366
8-16-21 12:45,206
8-16-21 17:12,500
8-16-21 17:54,434
8-16-21 19:42,103
8-17-21 0:52,250
8-17-21 11:07,1571
8-17-21 16:45,204
8-18-21 8:37,541
8-18-21 9:05,379
8-18-21 11:35,501
8-18-21 16:11,258
8-19-21 10:26,204
8-19-21 14:09,264
8-19-21 14:52,136
8-19-21 14:54,379
8-19-21 14:58,663
8-19-21 17:32,220
8-19-21 19:47,500
8-19-21 21:31,407
8-19-21 21:53,218
8-19-21 22:42,215
8-19-21 23:12,214
8-20-21 0:49,243
8-20-21 10:14,605
8-20-21 12:19,105
8-20-21 14:12,548
8-20-21 16:38,205
8-20-21 18:12,210
8-20-21 22:15,309
8-20-21 23:12,261
8-21-21 1:14,275
8-21-21 10:39,249
8-21-21 12:26,395
8-21-21 14:12,253
8-21-21 15:23,211
8-21-21 17:41,160
8-21-21 20:10,878
8-22-21 19:11,261
8-23-21 11:57,212
8-23-21 12:41,225
8-23-21 12:52,287
8-23-21 14:33,395
8-23-21 16:26,283
8-23-21 19:17,260
8-23-21 23:30,218
8-24-21 7:23,407
8-24-21 9:10,202
8-24-21 9:59,259
8-24-21 11:10,504
8-24-21 12:38,173
8-24-21 20:17,544
8-24-21 22:23,906
8-24-21 23:10,304
8-24-21 23:12,784
8-25-21 9:02,252
8-25-21 14:16,591
8-25-21 14:26,538
8-25-21 16:29,463
8-25-21 17:50,362
8-25-21 20:16,439
8-25-21 21:12,658
8-25-21 21:19,942
8-25-21 22:15,239
8-25-21 23:55,419
8-26-21 0:53,160
8-26-21 1:20,873
8-26-21 11:45,212
8-26-21 13:14,728
8-26-21 19:03,208
8-26-21 19:43,360
8-26-21 22:18,315
8-27-21 8:06,631
8-27-21 11:29,1770
8-27-21 12:11,205
8-27-21 18:00,240
8-27-21 20:19,357
8-27-21 22:52,532
8-27-21 23:48,96
8-28-21 8:46,602
8-28-21 14:09,219
8-28-21 21:21,429
8-29-21 6:37,429
8-29-21 9:51,284
8-29-21 12:23,210
8-29-21 14:00,573
8-29-21 14:34,214
8-29-21 18:11,2061
8-29-21 18:49,297
8-29-21 20:42,338
8-29-21 23:09,726
8-30-21 9:24,204
8-30-21 15:24,170
8-30-21 17:29,584
8-30-21 21:30,342
8-30-21 21:31,248
8-30-21 21:40,248
8-31-21 0:58,1200
8-31-21 8:29,532
8-31-21 11:01,712
8-31-21 11:08,55
8-31-21 11:40,1515
8-31-21 12:21,341
8-31-21 12:24,459
8-31-21 12:30,250
8-31-21 13:53,563
8-31-21 14:52,286
8-31-21 15:26,368
8-31-21 17:10,558
8-31-21 21:49,3524
8-31-21 21:51,252
9-1-21 9:44,207
9-1-21 23:20,463
9-1-21 23:25,844
9-2-21 12:42,203
9-2-21 14:51,1303
9-2-21 17:04,272
9-2-21 17:56,344
9-2-21 18:29,205
9-2-21 21:52,248
9-3-21 10:15,208
9-3-21 12:08,222
9-3-21 15:25,3194
9-3-21 15:35,275
9-3-21 16:10,204
9-3-21 16:20,208
9-3-21 18:39,352
9-3-21 21:59,504
9-4-21 10:31,481
9-4-21 10:34,305
9-4-21 13:40,432
9-4-21 16:40,774
9-4-21 20:07,546
9-4-21 21:24,1207
9-5-21 15:09,649
9-5-21 21:05,406
9-5-21 21:35,519
9-5-21 21:40,521
9-6-21 13:57,258
9-6-21 15:41,630
9-6-21 15:50,454
9-6-21 16:26,5882
9-6-21 17:36,526
9-6-21 23:26,350
9-7-21 10:17,211
9-7-21 13:08,212
9-7-21 14:27,206
9-7-21 18:15,234
9-7-21 21:54,99
9-7-21 22:08,431
9-8-21 0:08,99
9-8-21 8:00,206
9-8-21 8:48,1145
9-8-21 9:49,548
9-8-21 10:54,816
9-8-21 11:11,329
9-8-21 12:48,457
9-8-21 13:32,768
9-8-21 16:01,256
9-8-21 19:10,211
9-8-21 20:50,407
9-8-21 22:46,254
9-8-21 23:32,214
9-9-21 10:09,963
9-9-21 20:59,270
9-9-21 22:43,236
9-10-21 7:43,72
9-10-21 15:27,207
9-10-21 16:11,215
9-10-21 20:15,206
9-10-21 21:10,316
9-11-21 14:06,292
9-11-21 17:03,315
9-11-21 17:06,223
9-11-21 17:16,1216
9-11-21 22:05,381
9-12-21 12:38,217
9-12-21 19:25,201
9-12-21 21:26,1114
9-13-21 9:52,275
9-13-21 13:32,291
9-13-21 13:42,268
9-13-21 18:00,417
9-13-21 18:31,212
9-13-21 22:00,209
9-14-21 0:15,466
9-14-21 6:47,158
9-14-21 10:24,539
9-14-21 18:29,214
9-14-21 22:35,491
9-14-21 23:20,375
9-15-21 10:34,476
9-15-21 12:53,248
9-15-21 13:03,736
9-15-21 14:44,270
9-15-21 14:47,961
9-15-21 15:21,242
9-15-21 17:56,522
9-15-21 18:26,869
9-15-21 20:54,453
9-15-21 21:34,421
9-15-21 23:39,553
9-15-21 23:45,256
9-16-21 1:58,216
9-16-21 7:32,209
9-16-21 9:26,209
9-16-21 10:46,299
9-16-21 12:21,447
9-16-21 15:05,209
9-16-21 18:58,402
9-16-21 21:39,189
9-17-21 6:30,230
9-17-21 13:34,286
9-17-21 16:59,221
9-17-21 17:10,295
9-17-21 17:12,318
9-17-21 20:12,218
9-17-21 22:36,426
9-18-21 9:04,206
9-18-21 17:34,206
9-18-21 20:54,241
9-20-21 10:52,806
9-20-21 12:25,895
9-21-21 1:30,667
9-21-21 15:36,712
9-22-21 9:33,1413
9-22-21 17:18,805
9-23-21 11:42,212
9-23-21 16:27,350
9-23-21 22:18,808
9-24-21 11:11,203
9-25-21 12:10,228
9-25-21 14:09,218
9-25-21 16:08,199
9-25-21 16:37,238
9-25-21 16:53,370
9-25-21 19:36,222
9-26-21 9:25,224
9-26-21 10:47,616
9-26-21 11:00,216
9-26-21 15:23,208
9-26-21 19:07,219
9-27-21 7:12,200
9-27-21 17:37,992
9-27-21 18:54,438
9-27-21 22:08,1956
9-28-21 9:16,913
9-28-21 11:16,226
9-28-21 16:58,203
9-29-21 11:59,863
9-29-21 13:28,184
9-29-21 17:44,1050
9-29-21 18:26,1085
9-29-21 20:14,630
9-29-21 22:47,331
9-30-21 11:34,327
10-1-21 11:17,213
10-1-21 12:16,234
10-1-21 14:11,505
10-1-21 21:26,558
10-1-21 21:36,251
10-2-21 11:52,201
10-2-21 14:32,237
10-2-21 16:01,801
10-4-21 0:08,317
10-4-21 9:08,281
10-4-21 19:29,252
10-5-21 11:26,299
10-5-21 11:37,307
10-5-21 19:54,468
10-5-21 21:17,797
10-6-21 9:03,627
10-6-21 10:04,344
10-6-21 10:15,1046
10-6-21 17:21,213
10-6-21 18:19,334
10-7-21 11:40,301
10-8-21 12:30,347
10-8-21 12:55,236
10-9-21 0:34,564
10-9-21 1:02,348
10-9-21 21:48,664
10-10-21 15:52,1559
10-10-21 17:12,562
10-10-21 18:14,489
10-11-21 8:07,212
10-11-21 21:20,362
10-11-21 21:26,482
10-12-21 12:09,190
10-13-21 7:54,1277
10-13-21 10:41,474
10-13-21 11:30,217
10-13-21 12:04,212
10-13-21 13:50,205
10-13-21 14:35,206
10-15-21 11:34,1089
10-16-21 18:01,332
10-16-21 19:58,306
10-17-21 9:30,332
10-17-21 9:43,263
10-17-21 10:45,211
10-18-21 8:21,99
10-18-21 12:21,206
10-18-21 13:57,599
10-18-21 18:59,311
10-18-21 23:07,294
10-19-21 11:08,272
10-19-21 12:37,1961
10-20-21 1:23,296
10-20-21 14:10,940
10-20-21 17:04,599
10-21-21 3:23,209
10-21-21 8:57,279
10-21-21 16:50,412
10-22-21 13:07,217
10-22-21 16:40,265
10-22-21 22:00,476
10-23-21 16:00,432
10-23-21 17:15,332
10-23-21 18:36,1201
10-24-21 12:34,222
10-24-21 14:07,644
10-24-21 18:25,245
10-24-21 22:04,201
10-25-21 12:53,218
10-25-21 16:06,633
10-25-21 19:37,389
10-26-21 0:34,158
10-26-21 0:53,33
10-26-21 7:29,299
10-26-21 11:25,278
10-26-21 12:29,1157
10-26-21 22:27,268
10-27-21 17:43,493
10-27-21 17:47,1498
10-27-21 22:39,203
10-28-21 3:46,67
10-28-21 22:34,386
10-29-21 10:36,304
10-29-21 17:34,300
10-29-21 20:51,1978
10-29-21 21:24,1086
10-29-21 23:27,705
10-30-21 8:03,1692
10-31-21 10:40,210
10-31-21 17:55,333
11-1-21 11:16,368
11-1-21 16:05,491
11-2-21 9:47,206
11-2-21 11:11,206
11-2-21 15:49,221
11-2-21 17:42,429
11-2-21 19:07,203.25
11-3-21 10:12,411
11-3-21 12:49,201
11-3-21 13:01,276
11-3-21 15:48,282.59
11-3-21 19:05,642
11-4-21 10:21,529
11-5-21 16:49,337.5
11-6-21 9:35,335
11-6-21 20:07,1037.75
11-7-21 11:57,239.25
11-7-21 15:05,200
11-7-21 15:19,376.92
11-8-21 11:25,1071.5
11-8-21 11:48,505
11-8-21 11:51,451.5
11-8-21 23:57,402.75
11-9-21 8:10,1717
11-9-21 10:47,517.56
11-10-21 8:25,1263.5
11-11-21 13:34,703
11-11-21 16:55,208
11-11-21 20:28,511
11-13-21 10:11,295
11-13-21 11:06,200
11-13-21 14:40,225.5
11-13-21 19:39,203
11-15-21 10:07,289.5
11-15-21 10:08,1036.8
11-15-21 11:35,356
11-15-21 23:05,170.5
11-16-21 10:22,264.5
11-16-21 11:28,221
11-16-21 18:42,308
11-18-21 10:34,216
11-18-21 10:37,451.5
11-18-21 12:33,220
11-18-21 12:59,378
11-19-21 10:56,252
11-19-21 13:30,204
11-19-21 21:45,199
11-20-21 13:48,84
11-20-21 16:52,348
11-21-21 1:11,201.5
11-21-21 15:41,316
11-21-21 18:19,1146.5
11-22-21 13:32,344
11-22-21 17:24,203.5
11-23-21 8:47,621.5
11-23-21 9:05,221
11-23-21 10:44,211.5
11-23-21 12:06,223
11-23-21 13:09,213
11-23-21 15:04,205
11-23-21 21:09,2038
11-24-21 13:50,225
11-24-21 14:14,356
11-24-21 15:59,227
11-25-21 13:38,254
11-25-21 16:18,150
11-25-21 19:45,388
11-26-21 11:43,1235
11-26-21 19:12,1641
11-26-21 19:38,1163
11-27-21 8:23,350
11-27-21 9:36,206
11-27-21 19:35,368
11-28-21 18:22,220
11-30-21 0:42,377
11-30-21 14:02,224
11-30-21 15:52,384
12-1-21 22:46,294
12-2-21 10:00,350
12-2-21 12:11,1005
12-2-21 14:07,838
12-2-21 15:45,60
12-2-21 21:20,427
12-2-21 21:31,707
12-3-21 11:23,264
12-3-21 11:58,232
12-4-21 12:57,211
12-5-21 16:40,1593
12-6-21 9:13,204
12-6-21 10:43,1030
12-6-21 14:14,303
12-6-21 23:20,222
12-7-21 11:39,334
12-7-21 13:22,461
12-8-21 10:20,1749
12-8-21 10:35,227
12-8-21 17:37,255
12-8-21 22:21,508
12-11-21 18:30,341
12-12-21 22:54,216
12-13-21 17:29,1801
12-13-21 18:22,267
12-14-21 11:11,526
12-14-21 19:51,203
12-17-21 15:12,345
12-19-21 7:57,1140
12-19-21 10:04,381
12-19-21 11:28,846
12-19-21 12:05,424
12-19-21 18:10,528
12-19-21 23:22,959
12-20-21 11:43,449
12-21-21 13:02,866
12-21-21 16:34,345
12-21-21 17:07,207
12-21-21 17:08,220
12-22-21 10:34,282
12-22-21 10:46,419
12-22-21 12:12,637
12-22-21 15:54,269
12-22-21 18:42,710
12-23-21 11:07,801
12-23-21 20:27,93
12-24-21 20:22,459
12-26-21 22:21,201
12-26-21 22:35,591
12-27-21 9:08,2140
12-27-21 15:39,2785
12-27-21 15:39,140
12-27-21 16:33,229
12-28-21 9:10,856
12-28-21 10:48,202
12-28-21 17:45,201
12-29-21 0:47,293
12-29-21 2:29,200
12-29-21 20:44,409
12-30-21 9:15,399
12-31-21 16:15,275
12-31-21 20:08,235
1-1-22 10:30,202
1-1-22 16:06,230
1-1-22 19:30,1324
1-2-22 1:31,250
1-2-22 11:24,1705
1-2-22 23:41,511
1-3-22 9:13,300
1-3-22 9:59,691
1-3-22 10:18,218
1-3-22 12:03,229
1-3-22 13:14,1048
1-3-22 15:35,787
1-3-22 17:15,203
1-3-22 17:56,572
1-3-22 18:02,483
1-3-22 18:03,210
1-3-22 21:30,207
1-3-22 22:37,400
1-4-22 12:15,201
1-4-22 12:49,200
1-4-22 15:10,405
1-4-22 17:15,243
1-4-22 18:12,451
1-4-22 22:08,204
1-5-22 10:26,273
1-5-22 11:13,260
1-5-22 11:31,265
1-5-22 12:56,317
1-5-22 12:57,429
1-5-22 20:06,790
1-6-22 12:30,312
1-6-22 12:49,229
1-6-22 18:52,234
1-6-22 19:03,261
1-6-22 19:06,251
1-6-22 20:01,183
1-7-22 10:40,546
1-7-22 11:07,539
1-7-22 23:38,302
1-8-22 0:22,256
1-8-22 10:21,10
1-8-22 15:51,251
1-8-22 18:25,1850
1-10-22 22:19,671
1-11-22 0:36,710
1-11-22 8:52,557
1-11-22 8:55,202
1-11-22 11:00,145
1-11-22 12:38,808
1-11-22 17:23,230
1-11-22 17:33,233
1-11-22 18:21,257
1-11-22 19:47,574
1-11-22 19:55,616
1-11-22 20:51,167
1-11-22 22:17,200
1-12-22 0:28,605
1-12-22 1:27,218
1-12-22 2:59,207
1-12-22 16:27,214
1-12-22 17:21,202
1-12-22 18:15,78
1-12-22 18:22,208
1-12-22 23:29,338
1-12-22 23:42,205
1-13-22 12:58,265
1-13-22 19:44,201
1-13-22 23:30,208
1-13-22 23:33,217
1-13-22 23:49,204
1-14-22 0:38,259
1-14-22 6:41,103
1-14-22 7:05,232
1-14-22 11:23,116
1-14-22 20:35,362
1-14-22 23:24,213
1-15-22 10:20,491
1-15-22 12:57,225
1-15-22 14:39,210
1-15-22 16:03,1884
1-15-22 17:20,338
1-15-22 18:15,290
1-15-22 20:45,235
1-15-22 22:14,768
1-16-22 1:33,200
1-16-22 9:57,507
1-16-22 11:21,582
1-16-22 11:30,714
1-16-22 11:52,208
1-16-22 14:24,949
1-16-22 16:21,49
1-16-22 17:13,580
1-16-22 18:26,477
1-16-22 22:20,219
1-16-22 23:07,239
1-17-22 11:19,175
1-17-22 14:31,322.5
1-17-22 14:53,479.5
1-17-22 21:08,1335.5
1-18-22 0:28,408.5
1-18-22 11:59,272
1-18-22 15:24,317
1-18-22 21:22,544
1-19-22 0:32,239
1-19-22 0:33,336
1-19-22 2:30,215
1-19-22 9:29,748
1-19-22 10:56,424
1-19-22 16:14,385.5
1-19-22 18:27,213
1-19-22 19:22,202
1-19-22 20:59,203
1-19-22 22:39,1982
1-20-22 11:54,308
1-20-22 14:12,315
1-20-22 16:52,187
1-20-22 18:24,1248
1-20-22 19:31,93
1-21-22 12:15,1144.5
1-21-22 12:32,200
1-21-22 16:22,370
1-21-22 18:40,381
1-21-22 18:42,316
1-21-22 22:36,251
1-22-22 0:36,300
1-22-22 2:06,199
1-22-22 9:17,315
1-22-22 11:32,739
1-22-22 12:49,1036
1-22-22 13:53,397.5
1-22-22 21:21,202
1-23-22 16:53,1094
1-23-22 19:17,349
1-24-22 0:48,341
1-24-22 2:05,316
1-24-22 11:42,335
1-24-22 13:26,258
1-24-22 15:15,373
1-24-22 16:49,392
1-24-22 18:58,306
1-25-22 9:53,220
1-25-22 20:35,290
1-26-22 10:08,344
1-26-22 10:50,383
1-26-22 11:28,335
1-26-22 12:54,230
1-26-22 21:54,295
1-27-22 12:24,1247.5
1-27-22 12:34,914.5
1-27-22 12:49,1128.5
1-27-22 12:50,235
1-27-22 18:11,304
1-27-22 20:35,228
1-27-22 20:39,449
1-27-22 21:35,359
1-28-22 8:56,713
1-28-22 8:57,444
1-28-22 13:50,721
1-28-22 14:40,804
1-28-22 16:43,259
1-28-22 19:10,186
1-28-22 22:18,403
1-29-22 16:04,302
1-29-22 19:15,328
1-29-22 22:54,471
1-30-22 0:06,426
1-30-22 14:26,231
1-30-22 17:26,318
1-30-22 18:06,821
1-30-22 19:27,518
1-31-22 11:00,2001
1-31-22 11:14,170
1-31-22 11:15,639
1-31-22 18:25,87
1-31-22 18:58,313
1-31-22 19:40,300
1-31-22 19:41,354
1-31-22 19:52,326
1-31-22 21:23,479
2-1-22 13:14,324.5
2-1-22 13:28,202.5
2-1-22 13:54,199.5
2-1-22 15:39,993
2-1-22 17:39,741
2-1-22 21:37,1194
2-2-22 11:01,617
2-2-22 11:40,783
2-2-22 14:27,326
2-2-22 17:04,322.5
2-2-22 21:41,309
2-2-22 23:15,300
2-3-22 7:18,199.5
2-3-22 16:33,1653
2-3-22 16:49,301
2-3-22 19:42,306
2-3-22 20:11,491
2-4-22 8:24,203
2-4-22 12:11,425
2-4-22 16:55,311.5
2-4-22 21:36,325
2-5-22 10:41,255
2-5-22 11:32,548
2-5-22 11:49,2130.5
2-5-22 20:08,203
2-6-22 0:31,576
2-6-22 16:00,209
2-6-22 18:16,309
2-6-22 18:44,210
2-6-22 20:45,357
2-7-22 1:28,785
2-7-22 10:25,218
2-7-22 10:40,300
2-7-22 11:53,742
2-7-22 12:40,624
2-7-22 13:01,310
2-7-22 16:40,309
2-7-22 17:15,208
2-7-22 20:09,542
2-7-22 21:10,400
2-7-22 21:50,271
2-7-22 21:51,331
2-8-22 9:42,339
2-8-22 12:24,204
2-8-22 12:33,387
2-8-22 12:43,224
2-8-22 14:10,694
2-8-22 16:21,33
2-8-22 17:24,472
2-8-22 17:50,213
2-8-22 19:06,245
2-8-22 21:04,486
2-8-22 23:57,223
2-9-22 5:24,393
2-9-22 9:17,224
2-9-22 9:28,256
2-9-22 10:47,266
2-9-22 19:14,694
2-9-22 19:25,520.5
2-9-22 21:26,245
2-9-22 23:41,447
2-10-22 12:18,311
2-10-22 14:53,243
2-10-22 14:55,224
2-10-22 19:16,309
2-10-22 20:58,320
2-11-22 8:32,317
2-11-22 9:21,2703
2-11-22 10:36,209
2-11-22 11:43,207
2-11-22 11:53,216
2-11-22 12:00,357
2-11-22 12:06,355
2-11-22 13:41,314
2-11-22 16:15,246
2-11-22 17:17,245
2-11-22 18:39,966
2-11-22 18:47,895
2-11-22 21:58,415
2-12-22 10:09,315
2-12-22 11:27,902
2-12-22 11:46,1051
2-12-22 14:42,299
2-12-22 20:03,373
2-13-22 9:06,973
2-13-22 13:32,217
2-13-22 14:36,642
2-13-22 19:15,200
2-14-22 10:52,404
2-14-22 11:07,155
2-14-22 16:34,283
2-14-22 19:09,312
2-14-22 19:26,357
2-14-22 20:35,1244
2-14-22 23:48,205
2-15-22 1:04,275
2-15-22 8:51,315
2-15-22 9:52,213
2-15-22 11:12,89
2-15-22 15:50,212
2-15-22 16:45,249
2-15-22 17:38,1200
2-16-22 10:02,202
2-16-22 10:44,1736
2-16-22 11:46,478
2-16-22 12:18,222
2-16-22 13:50,299
2-16-22 15:00,258
2-16-22 21:21,300
2-16-22 21:55,291
2-17-22 8:46,203
2-17-22 9:48,374
2-17-22 11:09,302
2-17-22 17:12,886
2-17-22 17:19,901
2-17-22 17:23,901
2-17-22 18:51,299
2-17-22 20:02,435
2-17-22 20:46,288
2-17-22 21:53,469
2-17-22 23:21,206
2-18-22 3:10,529
2-18-22 9:11,337
2-18-22 10:57,477
2-18-22 13:16,95
2-18-22 17:03,435
2-18-22 17:13,435
2-18-22 19:56,324
2-18-22 20:29,335
2-18-22 22:11,331
2-19-22 7:37,1784
2-19-22 9:23,374
2-19-22 11:55,455
2-19-22 13:17,471
2-19-22 15:59,278
2-19-22 18:14,230
2-20-22 10:22,302
2-20-22 12:58,382
2-20-22 13:32,334
2-20-22 18:21,831
2-20-22 20:48,600
2-20-22 22:01,3882
2-21-22 5:42,685
2-21-22 6:55,364
2-21-22 10:27,330
2-21-22 11:27,508
2-21-22 12:15,202
2-21-22 13:08,28
2-21-22 15:06,475
2-21-22 16:23,80
2-21-22 17:30,343
2-21-22 17:48,1188
2-21-22 19:36,400
2-21-22 21:09,221
2-21-22 21:29,210
2-21-22 22:05,477
2-21-22 23:01,611
2-22-22 15:47,35
2-22-22 16:11,833
2-22-22 17:44,200
2-22-22 21:31,503
2-22-22 22:07,856
2-22-22 23:06,215
2-23-22 10:51,374
2-23-22 11:15,895
2-23-22 14:36,308
2-23-22 14:36,663
2-23-22 15:56,302
2-23-22 18:00,336
2-23-22 19:05,238
2-24-22 15:33,303
2-24-22 16:00,221
2-24-22 16:32,791
2-24-22 21:56,307
2-25-22 8:08,268
2-25-22 9:22,342
2-25-22 10:18,397
2-25-22 13:39,405
2-26-22 8:54,302
2-26-22 10:14,340
2-26-22 12:05,351
2-26-22 14:51,303
2-26-22 15:30,464
2-26-22 19:49,304
2-26-22 21:11,1888
2-26-22 21:47,301
2-26-22 23:52,566
2-27-22 13:40,304
2-27-22 15:54,313
2-27-22 16:30,441
2-28-22 1:40,312
2-28-22 14:27,343
2-28-22 16:32,580
2-28-22 16:48,319
2-28-22 17:05,471
2-28-22 17:58,260
2-28-22 18:35,199
3-1-22 14:18,326
3-1-22 14:42,335
3-1-22 15:09,315
3-1-22 15:32,687
3-1-22 16:20,636
3-1-22 16:59,202
3-1-22 21:21,109
3-2-22 10:44,354
3-2-22 11:07,302
3-2-22 15:28,202
3-2-22 15:32,382
3-2-22 17:24,311
3-2-22 22:09,390
3-2-22 22:39,1005
3-3-22 16:50,690
3-3-22 18:06,32
3-3-22 18:55,953
3-3-22 19:58,830
3-4-22 9:13,317
3-4-22 9:58,345
3-4-22 11:22,307
3-4-22 12:33,307
3-4-22 15:21,315
3-4-22 18:38,426.16
3-5-22 9:52,317
3-5-22 14:52,255
3-5-22 16:37,3560
3-5-22 19:54,2028
3-5-22 23:50,427
3-6-22 11:10,259
3-6-22 21:42,305
3-6-22 22:17,1448
3-7-22 0:12,346
3-7-22 9:16,807
3-7-22 12:24,322
3-7-22 13:11,1117
3-7-22 13:40,213
3-7-22 16:46,92
3-7-22 20:12,352
3-7-22 22:00,446
3-7-22 22:48,579
3-8-22 12:03,349
3-8-22 18:38,681
3-9-22 9:59,309
3-9-22 10:11,1292
3-9-22 10:18,299
3-9-22 12:14,667.75
3-9-22 16:58,510
3-9-22 19:31,303
3-10-22 7:04,454
3-10-22 9:54,306
3-10-22 14:28,343
3-10-22 20:29,322
3-11-22 12:02,266
3-11-22 14:16,308
3-11-22 14:42,300
3-11-22 17:56,879
3-11-22 18:08,705
3-11-22 18:16,705
3-11-22 18:20,705
3-11-22 18:33,705
3-11-22 19:01,327
3-11-22 20:35,1254
3-11-22 22:26,705
3-11-22 22:28,413
3-11-22 22:35,705
3-12-22 18:59,270
3-12-22 20:02,1060
3-12-22 22:36,299
3-13-22 8:37,306
3-13-22 15:57,299
3-13-22 20:13,315
3-13-22 23:14,201
3-14-22 12:56,355
3-14-22 15:45,1202
3-14-22 16:35,271
3-14-22 16:57,566
3-14-22 17:16,290
3-14-22 18:40,620
3-14-22 20:42,927
3-15-22 1:37,303
3-15-22 9:54,1570
3-15-22 10:12,254
3-15-22 13:40,320
3-15-22 14:41,354
3-15-22 16:39,225
3-15-22 17:29,110
3-15-22 23:52,203
3-16-22 8:59,1333
3-16-22 12:20,206
3-17-22 16:27,1401
3-17-22 22:48,532
3-18-22 21:15,916
3-18-22 21:17,205
3-19-22 11:24,391
3-19-22 15:56,371
3-19-22 18:15,674
3-19-22 19:44,265
3-19-22 20:01,391
3-19-22 20:28,426
3-19-22 23:59,239
3-20-22 7:52,269
3-20-22 9:34,330
3-20-22 10:22,180
3-20-22 16:42,439
3-20-22 20:39,215
3-20-22 23:24,234
3-20-22 23:25,196
3-21-22 8:06,210
3-21-22 18:18,411
3-21-22 19:22,320
3-21-22 21:12,352
3-22-22 8:46,554
3-22-22 9:07,110
3-22-22 9:59,381
3-22-22 18:22,252
3-22-22 22:20,206
3-23-22 14:50,269
3-23-22 23:08,1795
3-24-22 10:38,298
3-24-22 14:34,310
3-24-22 16:16,234
3-24-22 21:47,240
3-25-22 5:51,212
3-25-22 12:27,374
3-25-22 20:53,277
3-26-22 9:52,1789
3-26-22 13:40,449
3-26-22 19:50,2398
3-26-22 22:21,202
3-26-22 23:01,248
3-27-22 10:02,296
3-27-22 16:31,320
3-27-22 19:19,1594
3-27-22 22:37,350
3-27-22 22:52,305
3-27-22 22:56,305
3-27-22 23:29,304
3-27-22 23:46,306
3-27-22 23:48,300
3-28-22 10:31,344
3-28-22 11:12,624
3-29-22 3:14,1600
3-29-22 13:10,204
3-29-22 17:17,879
3-29-22 17:48,306
3-29-22 18:53,307
3-29-22 23:09,252
3-30-22 4:10,210
3-30-22 9:06,320
3-30-22 11:29,308
3-30-22 13:18,190
3-30-22 18:33,319
3-30-22 19:00,300
3-30-22 20:33,545
3-31-22 10:18,958
3-31-22 10:34,317
3-31-22 14:01,113
3-31-22 21:44,301
3-31-22 22:08,901
3-31-22 22:11,105
4-1-22 0:17,423
4-1-22 4:00,302
4-1-22 12:27,300
4-1-22 14:47,521
4-1-22 16:14,320
4-1-22 17:17,348
4-1-22 19:50,850
4-1-22 19:56,396
4-1-22 20:37,304
4-1-22 21:12,356
4-2-22 11:59,280
4-2-22 15:06,216
4-2-22 17:17,476
4-2-22 17:59,1846
4-2-22 19:13,433
4-3-22 0:54,519
4-3-22 8:50,658
4-3-22 17:21,405.17
4-3-22 23:12,287
4-3-22 23:43,210
4-4-22 0:03,446
4-4-22 9:18,303
4-4-22 11:47,308
4-5-22 9:37,430
4-5-22 12:18,350
4-5-22 12:39,226
4-5-22 12:40,199
4-5-22 17:56,315
4-5-22 22:29,269
4-5-22 22:38,366
4-6-22 9:13,614
4-6-22 11:32,329
4-6-22 13:36,480
4-6-22 13:38,480
4-7-22 11:48,338
4-7-22 14:04,277
4-7-22 15:09,654
4-8-22 14:25,3849
4-8-22 21:16,571
4-8-22 21:36,497
4-9-22 21:52,892
4-9-22 22:18,1481
4-10-22 9:48,335
4-10-22 10:09,299
4-10-22 16:27,505
4-11-22 12:30,369
4-11-22 15:08,331
4-11-22 19:02,1350
4-11-22 22:05,214
4-12-22 10:22,417
4-12-22 11:55,490
4-12-22 15:50,233
4-12-22 18:36,724
4-12-22 18:44,202
4-13-22 9:02,375
4-13-22 11:50,489
4-13-22 13:58,116
4-13-22 16:20,234
4-13-22 16:33,303
4-14-22 11:45,223
4-15-22 5:28,1911
4-15-22 15:48,1854
4-18-22 11:14,1714
4-18-22 12:44,1152
4-18-22 13:19,347
4-20-22 8:27,103
4-20-22 10:58,250
4-20-22 19:21,406
4-21-22 11:50,232
4-21-22 21:54,340
4-22-22 7:53,1326
4-22-22 14:09,506
4-22-22 20:19,278
4-22-22 23:45,1297
4-23-22 13:31,1056
4-24-22 22:38,473
4-26-22 11:49,545
4-27-22 15:23,854
4-28-22 12:44,322
4-28-22 22:10,1064
4-29-22 9:48,292
4-30-22 8:26,1168
4-30-22 11:06,303
4-30-22 11:50,936
4-30-22 13:10,145
4-30-22 13:30,306
5-1-22 11:51,986
5-1-22 22:26,456
5-2-22 10:28,341
5-2-22 11:27,1162
5-2-22 13:47,470
5-3-22 11:18,3362
5-3-22 15:54,593
5-3-22 23:24,312
5-4-22 3:03,883
5-4-22 20:40,365
5-5-22 11:28,1194
5-5-22 18:56,311
5-6-22 10:59,605
5-6-22 14:03,1487
5-6-22 15:32,393
5-7-22 15:12,946
5-8-22 10:55,362
5-9-22 21:12,240
5-9-22 22:36,542
5-9-22 23:00,455
5-10-22 11:39,290
5-11-22 16:32,380
5-11-22 17:12,3782
5-13-22 23:00,305
5-14-22 15:57,312
5-15-22 1:09,1544
5-15-22 17:27,1119
5-15-22 18:11,1189
5-15-22 20:39,306
5-15-22 21:55,300
5-16-22 11:35,304
5-16-22 15:43,322
5-16-22 22:47,311
5-17-22 9:18,1124
5-17-22 20:45,332
5-18-22 8:18,434
5-18-22 8:25,551
5-18-22 20:33,562
5-19-22 11:26,356
5-20-22 8:45,714
5-20-22 11:25,222
5-20-22 15:02,305
5-20-22 20:05,337
5-21-22 18:28,2336
5-22-22 17:49,462
5-22-22 20:21,307
5-22-22 23:48,388
5-23-22 11:40,442
5-24-22 13:04,870
5-25-22 8:16,380
5-25-22 12:55,431
5-25-22 15:11,959
5-25-22 15:46,2917
5-25-22 19:00,451
5-25-22 21:03,208
5-26-22 11:34,250
5-26-22 18:05,207
5-27-22 17:02,685
5-27-22 20:10,1773
5-27-22 23:49,358
5-28-22 11:00,1820
5-28-22 22:21,360
5-29-22 18:34,1503
5-29-22 23:03,303
5-30-22 14:24,1000
5-30-22 16:44,451
5-31-22 8:46,1438
5-31-22 13:58,316
5-31-22 17:14,405
5-31-22 19:57,2269
5-31-22 20:11,333
6-1-22 17:15,68
6-2-22 8:23,752
6-3-22 20:06,445
6-3-22 21:57,300
6-4-22 8:15,220
6-5-22 0:55,190
6-5-22 19:10,306
6-5-22 19:14,1113
6-5-22 20:01,634
6-5-22 20:41,885
6-6-22 11:26,421
6-6-22 12:03,414
6-6-22 16:58,211
6-6-22 18:21,476
6-7-22 13:41,679
6-7-22 18:16,380
6-7-22 23:28,952
6-8-22 8:44,1394
6-8-22 13:05,3707
6-8-22 13:20,775
6-8-22 13:24,235
6-8-22 22:27,571
